LAT,LNG
53.750869190655756,9.664419543516798
54.36036146575511,9.239327496591347
54.448441218994944,9.047675464533944
54.17952666537456,9.959993927565506
54.65840562460148,9.71284309195747
54.62376725482404,8.984602598101736
54.332537140563424,8.803442753768797
54.06455929867796,10.75104966090745
53.86945684584497,10.63869659834252
53.804300390941506,9.932333633375055
53.37521742714469,10.58809231736884
54.1717120355727,9.09121422332627
53.956781146543165,9.128438470904655
53.72597740413592,10.660981705213814
53.92823344128769,9.750385503563228
53.936438799533995,10.284599083433342
53.88486271078786,10.767413010878888
54.45012676655695,9.161996712998702
53.596865494835434,9.682936359716322
54.79508896979707,9.449503601024576
53.652521977190915,10.208054413896843
53.913363160092246,10.543034394812524
53.59896354825227,9.848668199573977
54.034456430675334,10.734406304030074
54.290175187240656,10.886793311588917
53.73206494929114,10.024744193128388
54.49147380668981,9.743305607362762
54.44763709071119,11.201261114341948
54.03633137466712,10.61840907750861
54.319707354489275,9.621600968393537
54.306676520108724,9.663134791040955
54.763441942401236,9.638605709901501
54.016765127854306,10.163324649877744
53.552686521065894,10.252282036836714
53.38749075461262,10.535784068007283
53.98573835895357,9.508676027934964
54.2552739338684,9.926579066633769
54.83870168392531,8.881145765446544
54.05792031092889,9.94315035381926
53.85143948714122,10.331168731858284
53.58665905813115,10.246977773739522
53.772633473209986,10.25324919750524
53.89719311373072,10.628826906455224
54.546117498135445,9.078911072671618
54.3008968297595,8.965824935982972
53.43573064993672,9.927324683616257
54.317863246146324,10.134637418456185
54.27691583137501,10.966378563497507
53.802443265334084,10.285480219797229
53.90763890728344,9.100703854216354
54.2139347215176,10.439594317023147
54.292052536448026,10.904230907968
53.787275895802395,9.729791544872215
53.913793877981824,10.80353067168547
53.98337871822203,9.530156607126948
54.3028986319376,10.016325460309934
54.358467123062574,9.094907032885875
53.77866542058455,10.069886623486925
54.855706122492485,8.732372162593625
53.87420945109996,9.346386360204905
54.289769084746155,10.796574754923107
54.42071328585546,9.05092877868462
54.33830150701821,10.34230569615739
54.174317798389914,9.299271642220985
53.602604833118654,10.409109849525395
54.67615172902267,9.143802844837419
54.51552067637618,9.42806293747734
53.77479983347589,9.90633420956301
54.8602160737791,8.818059008215469
52.452468987820566,10.216134707592992
53.0867272963622,9.967534987519135
52.50328312687697,9.457223209905193
52.37103006784941,9.7744170991078
52.813593302557756,8.210718217286654
52.222787007689156,9.750677577178932
52.361720158917166,8.039716327533831
52.33917796406015,9.666832751265414
53.746618868688095,9.297602913236727
52.1936522549186,9.115493612614202
52.46248815783056,7.13126130195269
52.36379580470095,10.119891910913006
53.660685646971984,8.673093313599217
52.47631875273455,9.852161291115832
53.28170029472661,8.436865289059552
52.414060928017,7.432099630002618
51.772344507472006,10.189121121898841
53.23436454535877,8.455538139561618
53.30357418789539,9.542829982346229
53.01112139942513,9.96073637868015
53.57038704627015,9.956106486964334
52.99897495145043,8.785747890847047
53.12703249584401,8.131851336552804
53.19665804342865,10.34782957376075
53.5696115517764,9.87812086847205
53.52333492875202,9.928322980610528
53.613455586471936,9.914851314925741
52.43925344507085,10.106289458555061
52.4371023177092,9.847669416756698
53.473405347859234,10.18031703923495
53.47640711315775,10.16406704556224
53.08568975470189,7.962983115596244
53.511032701370894,7.899895161059838
52.84863316858341,9.658646671984767
52.30591867246064,10.623478941569283
52.413278266169606,8.20990530896331
52.65858471884682,9.701100588061793
53.167032652464684,8.220431783255936
52.43239940739775,9.387559931950554
53.47942988869227,9.69909261292737
52.35314744815179,8.285611399437865
52.30830856661119,9.686612599691724
52.6835882529641,7.172302936776383
52.3063671459177,9.85370620612083
51.553291513889526,9.931389526028951
52.363199925403926,10.130920790801671
53.48128831054283,9.118535949708209
53.69752958950279,8.663063400417606
52.38520877102473,7.261282750206122
51.63858095030975,9.642884104890967
53.0800816576051,10.57579206436316
52.859388952686174,10.085259615524672
52.67803494868336,7.507777769714593
52.16678674631204,9.252465870828377
51.70566614075159,10.642427703496079
52.566305281012546,7.249503185393847
51.80396150147172,10.30607550609146
53.54159443474802,9.291235569381277
52.5641424647926,10.188149475560161
52.78645395786718,8.200819107256095
53.00204906718037,7.3360877387010754
52.52961575817552,9.44732729216172
51.85682986836592,10.316542555144508
53.340739619144976,8.756679049540892
52.70604742219233,9.32349451578646
52.812136511507774,7.190249444190723
52.48735779383028,8.11408838858601
53.225419471233835,10.166093465681321
52.32737009493224,9.531886359147975
52.871386523537566,7.9865548457755935
52.25160918317981,9.633415284772646
53.42261076880169,8.580667715397677
52.43772620386175,7.9579751966427255
52.14132050826889,10.149011475161041
52.24471142113515,8.087575179122489
53.163497174110994,7.514875054526595
53.19036010860959,8.496732847074568
53.43421785321446,7.057175127886713
52.37722976755436,9.673341341262462
52.530494113303476,9.463618614551333
52.42926293688691,9.711809992413526
52.925428744503996,8.823827403684604
51.49253044713017,10.086640065600472
51.808429469774666,10.254264534511007
52.489705323243605,7.957170070365568
52.256840187532596,10.2222281332038
52.397143337814626,8.293380393610358
52.30731442891155,8.01996761091632
53.265954240676734,7.546836068713081
52.473636793763625,7.355584873800143
52.771288509294706,7.134522129068468
52.99223423607626,9.19669988660986
51.383385065495446,9.659893405274744
53.063047913392495,10.405120548743929
52.72810636702662,8.74356386686034
53.47148738601116,7.387749661903024
52.52797715137441,8.098301727978388
52.292651009333824,7.251746406856977
53.349308625750474,8.44434003320501
52.24300832180929,9.757748325919788
52.85980428349548,8.06009212594334
52.09407083317457,9.689603056219298
53.69622658775405,7.881438095155382
53.146433035151695,8.91042036514568
52.658244652356046,9.45562690260514
53.04900726690496,8.657898473103035
51.810562132290144,9.842861851222525
51.87483658770337,9.963297876850733
53.660172287992246,7.722925190321381
52.20998883037007,8.03794605166155
53.62116959173523,7.614720776538478
52.25415086113859,9.255533236288144
52.94704920545255,7.343523891373337
53.327454051257426,8.135342121619278
51.864343887298105,9.708561058987321
52.09500254839131,10.150273949328618
52.95827912542271,8.804470521214395
52.18599288934917,8.238169130408348
53.02386264169932,7.728282269543031
52.77044359785276,7.964271685104359
52.281193159244985,10.614830026296765
53.125484483731505,8.09686387496056
53.23032118729832,8.774415127293576
52.22761664097738,9.790954165662201
52.87410743507468,10.435347612333935
52.55770620932662,9.801507092197289
52.39810609690289,8.020852159525651
53.166326577386684,7.74664406776972
53.086640203601114,7.360608947042356
52.73875694396006,8.765442365880254
52.337292109707,10.828937834054827
52.43547293213174,9.358146924625158
52.731964630700006,8.912194144252409
53.38713325679707,7.578795190539963
52.79718523005532,8.63651293990599
52.74818038738684,8.44604526939384
52.22358977653581,9.89036834484752
53.73238352543107,9.349138532238962
52.59589163489145,8.82227577230679
52.36719953197042,9.718310441931779
52.60801376480493,6.864619590676102
53.52855481616174,8.110805599397851
52.93098705151304,8.824681557845548
53.62974791545298,8.648663432008815
53.16955549464043,9.415097891930508
52.272877427734265,9.546399388074644
53.59829989232753,8.287078107020873
53.090388320791114,10.045022354666372
53.05193278982658,9.487786281135964
53.09791131299268,8.284201973520577
52.97160534197126,10.559848910489311
52.29636654237315,7.055466823327091
52.57085793571028,7.91136035261624
52.53249222465273,6.854120353263407
52.8967063318778,8.329689182580513
51.75524899733809,9.48451466070312
52.71347920307998,7.733613023754788
52.822141261033046,10.15752688899724
53.452393232222896,7.718571167168251
52.615677822784384,8.635460793371207
52.905948327379264,9.74987250831819
52.569266147542805,7.566058946305165
53.22369076068853,8.043499962385443
53.47685819994889,9.703302641963116
52.41080044823683,10.414683823737588
52.258646140603965,7.955195022411253
52.98274973225762,7.290462499310597
52.23224010733684,9.725828619563169
53.302852155185434,9.703697827832197
53.062428621812685,9.084620915990632
53.51299152032063,9.300785640381715
52.34612388826531,10.209230567994737
52.402888780448,10.131783931560353
53.394708120597734,7.208496026685939
53.154951816385896,10.494679755563904
51.56324608976303,9.769063996097756
53.49447532824152,7.245106967815583
53.47286578827235,7.319223879640216
52.719021345676275,9.578347730007696
52.69461065099288,7.467855193902705
52.7987041882028,8.206112011465944
52.246746928976904,11.003633941040095
53.824350146669666,9.258561623920906
52.70321352641202,10.17821409967954
52.53863871792194,7.866872831867402
52.719897556245236,7.194397968150863
52.12171056097272,9.891024649433083
52.40074177026447,9.899239802018199
52.30257427310478,9.18489492779373
53.06774493173928,7.238438869306192
53.363391944753474,7.161659185097044
52.04964286471504,10.366150354798288
52.89990279909455,8.844352664826909
52.86819369230239,10.493897447882604
51.92159817381542,9.373242285411015
52.667731515375806,7.565452138115784
52.47979238908828,10.644899534243272
52.43475933861004,9.368582468232272
53.82097280059968,9.185338827536922
52.323611994512895,9.390490094148902
52.729083438209315,8.251707331025086
53.76520419863866,8.695240419113167
52.23553218822086,9.081737171575524
53.58179251354358,9.300595278943824
52.66503961989951,9.222730597545583
53.494387024103865,9.401184007212226
53.06684509719971,10.049578049022726
53.21831002989851,8.7936898253921
52.96420402770331,8.474613720909234
52.35695840362075,9.723041413905218
52.99647299692291,9.836693262664838
53.090777857033615,10.104515108219516
53.408782534054126,8.442777378618647
53.59439076405286,9.333596991369252
52.67111689065747,8.959029393805624
51.9556566692975,9.311722991584048
52.72337038492134,7.100246635746136
51.49492831727041,9.778280205359277
53.459527690775005,8.62820694611996
51.529094785922545,9.932988048786402
52.97569663304169,10.623507577888796
53.0043199620427,10.68050972525135
52.33953052312981,10.355500191990505
53.11627223718321,8.446276950692848
52.034624388166726,10.005138209417897
53.17863748854206,9.025278817729035
52.40369719666953,9.403942073383833
52.28917824636435,10.14468148159154
52.46857735644281,7.101150479009304
52.965260213584855,8.682923604994654
52.65342588746854,10.835058043039101
52.276092043854966,10.940935644511507
52.61665375503686,8.731277554708967
52.681003184748,9.577434843890005
52.43936617439383,10.825134192926452
52.33205870843453,10.671513113905307
51.9329998908763,10.21078261502054
52.862821465225906,8.352921061926837
52.90909314990748,10.901786915309057
52.03399434854802,9.765367238473235
53.52588273753412,7.298288863271523
52.48386015557539,8.891953289533749
52.15978171821769,9.348686052770617
51.38169579238737,9.658616601492387
53.60347146276191,7.185513637754549
53.09353809145407,11.127785502993694
51.419847447431934,9.979128840026732
53.224892949221946,7.385171050259952
52.31173439540246,10.584915231830502
53.29506940245535,7.832886610753756
52.09158848569051,8.196399752569322
51.33162820088007,6.7868809393927165
51.02886490341072,7.167346041567535
53.144914219076625,8.546616305385543
52.529524497108916,10.352604717452003
51.899356528309745,10.155532872768653
52.61824879587074,6.753547526139841
53.64050697425467,9.24145498612745
52.344380382485234,9.462792571864947
53.05955684090742,7.362681578444596
53.27430576917676,7.385742669032355
53.3856731852019,10.101883565931944
53.598804010052895,9.540537427947172
53.291043960785224,9.080869684820287
52.47136151197317,7.0432407081114246
52.53259631557113,6.973289171504314
51.86750432572547,9.96222637563029
52.25101282311647,9.290591199216133
52.42145917802515,9.550619777710779
52.496367665277546,7.783928054872644
52.80881070342887,7.898916149114282
53.017489873345724,8.541897548441387
52.384459390471584,9.860607436297887
52.39601895282297,8.037755888849476
53.14284606425059,9.224204080534946
52.63560082396151,10.676001972764265
52.85684981454496,7.285830450366649
53.097072548661984,8.311246630260124
52.97834210043033,7.30761502988883
52.640986983682055,8.244221978643159
52.50971523574493,10.493095531415022
53.36630058095407,9.738602183735122
52.286720800787236,7.260699854516774
52.39856574917655,7.248714624958498
53.05984211434706,8.35244202588394
52.91439414338613,9.1598345473903
52.89288776242332,8.321281217850077
51.95306407312153,10.282313218182319
52.934746345257324,10.954250889486891
53.47124797706543,9.213372472387418
53.52056689720318,8.021658042734392
53.29038801485054,10.734548842439333
53.818783108914886,9.088370620912503
53.117780200854654,8.644579725669566
52.94605294350847,7.455710337753333
52.18547118359183,10.317294136024518
52.04292565063153,9.418521352188574
52.350873936407886,7.448018114044024
51.63896927456486,9.9399768854637
52.83341687898255,7.567655917399856
53.284237612497144,8.097722626016267
51.4394620985549,9.951670309687842
51.51129500481499,6.307603377661558
51.21466378749254,7.629168956470069
51.21401356581518,6.3002121429723585
51.55463629971162,7.684514635274443
50.85784890316947,7.305284967663108
51.494574055514,6.807465504100346
50.795935112941805,6.781632300083223
50.77688888997186,6.168643950039064
51.45352222350135,8.105744813381309
50.92430557735156,6.9793514976891275
51.710085028652735,6.1415395143720035
51.09035954565958,6.4761212283469405
51.23701837474421,6.909591115467431
51.69771997671134,7.891119332507797
51.97102234710575,8.89548209780402
51.523550785552224,7.545345155945501
52.11085917834455,6.880615284465725
51.54202756015336,7.1552689776604534
51.93885846251381,7.234327537065963
51.31003303225475,7.993885381964954
51.11232941985963,6.206211513729936
51.47663129716453,6.82603168727236
52.20227195463496,8.459728236605153
51.545042346592176,7.202116636738478
51.19226829151421,6.538287983516762
50.734815175966645,6.137080816103391
52.27515652975798,8.965195712793662
51.501326943567584,7.644054484800508
52.09866323404455,7.177514426028076
51.970897635885855,7.824197669731844
50.85951022387734,6.143104734819307
50.821834734795225,6.267321544451074
51.260481447332644,8.179931435356673
51.44372961672821,7.485720560571709
51.70446637951593,8.484135820999146
52.02090656725,8.038047725766367
51.405402689790066,7.477254938723234
52.32031084443978,7.436326534337764
50.68842910321278,6.8440107439974485
51.82582285625816,7.923829970684619
51.363463622210354,6.461421221405892
51.79215737688588,8.023587124447822
50.74581688485927,7.099627832252275
52.06344728570098,6.793787462466032
51.83827544541585,6.659224922835705
51.19656585149076,6.946982238882532
50.52817835265191,6.453748545910677
52.233269787795614,8.635332135945825
51.18040794948919,7.363374160333576
52.28233458913068,8.864615773326083
51.680858334737124,6.82887654513172
51.99284469636249,8.468330199988795
51.570083868890954,6.2315278457948065
51.41761216113714,6.78926473838068
52.21136112015392,8.888493254302473
50.76579868808247,6.65109440274946
52.07941472511195,8.545833809734656
51.55750385787829,7.265205159708197
51.07098322721378,7.074813566849336
51.40348820314057,6.26101041344752
51.33503063289271,7.337834436120571
51.53521183531464,7.960829581157068
51.710010063271284,6.339311361834008
51.70890548725087,6.345546690647636
51.764371766470646,6.466173575775292
50.80317348223284,6.16844040550646
51.068892844306326,6.721306018522521
51.88591589724311,6.178524348723942
51.426217390566535,7.850000225216446
51.072188689889614,6.988061472677717
51.712901402678824,8.433435996416465
51.286062529796716,6.601222987636063
51.43542475473987,7.389249818126046
50.89233912529088,7.0779098899266994
51.266379686603294,6.575434768657636
52.117810332131626,7.277889423816777
52.16398134382025,7.309608801771582
50.808992860295426,7.555266600238449
51.14821064085805,7.043231787510629
51.54966524578812,7.079758594373181
51.96545059637688,7.789894923859649
50.85850311680899,6.901576076140877
51.485988923201155,6.661927587915054
51.14735100912847,6.439911923535689
51.21311808023872,8.08895297340073
51.37187930973065,7.148180469129594
51.427906854602895,6.540088413870535
52.08984567113868,8.492554132561171
51.94794684444506,7.017005693402788
50.78134064502755,7.303981347666631
50.99173080949559,7.417714119607472
52.19647453161066,8.800418134084131
51.20512426400598,7.490861181715381
51.487513396154455,6.814367205090918
51.674498512928785,6.94647468134494
50.68209477331916,6.843663116745275
51.08530208120774,6.697242651293684
51.59555381061371,8.496249000458237
51.33346108681061,6.203948332595777
52.04736576393098,8.583116409424617
52.15753846979983,6.9513763341224815
50.99728344316213,6.936966662142798
51.42595882709124,6.790141907806851
51.513588572961424,7.217414943358154
51.65579140145993,9.352235238778425
51.24057806795126,7.41387987532098
51.16406100204684,7.497474540180703
51.283655167962216,6.419890066460545
50.634879013680184,6.687580152658421
52.22367222023484,8.882639429318074
50.74541456910408,6.626870996772642
51.76060823369629,7.107873555022773
51.36883297971271,7.548300731363419
51.7185131547248,7.043351452097084
51.19922263853147,6.720477713052999
50.883021915649095,7.629881222226471
51.522907498100004,7.547150873029988
51.82121826288038,6.454332843569699
51.54946221655282,6.57079910126492
51.86061514843772,8.985996671243313
52.150286256355706,8.541562781180307
51.483821987112975,8.606193656845516
52.04968050619961,7.2272472778528885
50.89801621798744,6.9130225790940925
50.82563045565951,8.011628704673884
51.26660099471008,7.189015470932883
51.915646640420654,8.389256460931731
50.935556038364275,6.960757933903005
51.59845934272352,7.686727142525072
51.13038545208611,6.294321403853987
51.22991659496658,6.79064748239292
51.35563430112538,7.2563995228943
52.20136605817247,6.974173502366613
51.34926431261514,7.313752161078866
51.57040570295703,7.34803938681604
51.785872259864675,6.466995476415342
51.25318043153168,6.998029067841119
51.273807318053116,6.532495621908125
52.034792471576196,8.902471018985958
51.84481751740146,6.326029738747651
51.44469516415255,6.770417598702098
51.41171028673559,6.334903986500316
51.54002448491174,6.881975480328465
51.79892178150205,9.028007415949588
51.43663923851249,8.33133369295322
51.935192219586696,8.640049501568296
51.65593601230514,6.1796828787936064
51.264410489773084,7.743411021048609
51.71524797137734,7.656724489474877
51.660819091579356,8.712143940304445
50.77249485407931,6.459556552045395
50.645413962214526,6.948462309931798
51.62576544164202,7.573867349877081
50.63571737709611,7.115661165999493
50.636251417928406,6.795220167074425
50.929728430701395,7.719951037192376
50.395757324035024,6.5514440185827185
51.833227730203994,8.027574267030705
51.84090087623524,6.452329661938342
52.10730947792772,8.50502325344715
51.54002138998956,7.336330099933912
51.64612234511447,6.631968743293024
51.59914983443062,8.265796695215272
51.71015197869864,6.599207068840527
51.02977221337921,7.689438308669749
51.306068154905866,6.587615763598211
51.5651353965662,6.744478103322466
51.68246875372702,6.178084423000418
51.75859449064589,6.557444457178878
51.886130337572,7.210915845110695
52.17518976851264,7.4960285179992425
51.30188750385147,6.798030399252389
52.247167426025676,7.695359679454898
50.869008824782966,7.492271524575413
51.44262754340201,8.354137483294863
51.423964753969564,7.2820519523909155
51.34142980107075,7.405007595320856
50.80374783102624,6.5235136455428835
51.81133702507812,8.94800762900294
52.15216571552857,7.973283709198319
51.70385924154942,7.3627697362658475
51.02392419729738,7.730728620499202
50.58673565023194,7.022498802304664
51.802401661350984,9.335631909398627
51.31640844372636,7.621924031308372
50.861576912517016,6.927231598209329
51.906216530492195,8.503777392752173
51.418720402996456,8.582619284235765
51.77758765639604,7.72583995445712
50.96795141697069,6.599769348107129
50.67995714468335,6.3053658713789655
51.63644329280366,6.677296945682173
51.53476932662008,6.726003993420007
50.832613313816495,6.319834122264256
51.82351792859314,8.145782311821392
52.28383237886061,7.723456883729641
52.287116497477335,7.928101369363884
51.60933100158797,7.033261011373373
51.0158929195998,6.73998999754741
51.113236447707216,6.952106992288361
51.968121628430296,7.6558121241054335
51.21534222328383,6.246182791493969
52.04317220775692,8.544254087989719
50.67134337768552,6.318119933725851
50.742407286562134,7.134314695993681
51.94624426524856,6.900654483030884
51.53186514401666,6.280608812872327
52.177743924005426,8.78927101989776
51.11174638559558,7.807587394919066
51.9818082033049,8.428971188398185
50.93714376869121,6.983998551386003
51.33663847807375,7.5125376577386795
50.9978493911444,7.025597288793897
51.52513526035824,6.3970224464825405
51.05563599902583,8.230043963510584
51.968495871826754,8.278281029608436
51.77053238143987,8.008532581707353
51.987350921527494,7.27121688799502
51.922764386251146,7.6737499496580535
50.79790909505361,6.887766772274401
52.232620688058375,7.056459372643722
51.273366789108024,7.224215960716498
51.0459012479551,6.918002525568662
51.468858881104886,8.831916479543759
51.364951658571194,7.576278165273251
51.491836038106015,7.244267263082364
50.926935447106416,6.944981736942714
50.57425978806379,6.263058417964958
51.287513219513706,6.2618974456714716
51.76507251293924,6.547465805921032
51.58526476847206,7.4472530657461595
51.58560369651126,7.542080501171547
50.89543638628762,7.406724519758684
50.816162525111835,8.094227147814323
50.512556819388266,6.875768481130306
51.97414043973507,7.608999123988196
50.986322218072786,7.449452098136794
50.99951499911043,6.797707075936864
51.24484281730971,7.143862757871544
51.47271263899389,8.827542282572194
51.21444570213576,6.160572668711389
52.05465137525124,7.384496682652747
52.05484962786512,7.161705696752421
51.931586358885966,8.556845403167895
51.33257803963363,8.001721520356732
50.993208200797454,5.985069753986112
51.23143850357002,6.967858819489916
50.934173027758874,7.920938302152959
52.03242222927421,9.089075576681052
50.92994831913982,7.439680818490432
51.85205098336812,6.07385880903761
52.215783752193914,8.638199841183967
51.73949103838909,6.517093858010484
51.61365854283066,7.873077208525789
51.5241936841594,7.658353954628967
51.04120864949087,7.541536269626033
50.93587058389637,6.960330519864952
51.80486189655847,8.671558847881629
51.334168772618376,7.474114319448781
50.80741220081833,6.765557208266461
52.443295647921715,9.0599114321254
52.076501987987456,7.217801667085483
51.168615655334115,6.446968284335891
51.35318902640536,7.446791459378024
51.42656756906062,6.802732266743527
51.332544421313145,7.0921704566569135
51.30559100984394,6.477571838296907
51.173041584564146,6.4155925018966
51.319194890914254,6.8828841226983535
51.55867994094099,7.040695265151821
50.91466198821769,6.709920503318686
51.42047741115314,8.74413901120598
51.61493444435493,7.502886603776912
50.624231399112745,6.667339832571438
51.44287652534679,6.90077077199527
51.50172653741105,7.958649114614331
52.09304849238097,6.9660728330578685
51.64600116646005,7.300425924252809
51.01821266457155,6.918725387199072
51.103617659436374,6.07036930986423
51.01634541278492,7.55744830204949
51.97967223065834,8.482718591297038
51.535275632230295,7.474819772068417
51.67325454704365,6.063260924154456
51.67431329463328,7.823490137980686
51.57271921522724,7.212436940307403
51.494460733001404,6.6065781319002
51.09527798171599,7.320974249247869
51.0690043685903,6.185129398413885
51.54657743757803,6.832072630114784
51.97851107851873,8.465661358962542
50.86616208669232,8.365791244633952
51.99453112413718,6.8275662494526355
51.16296172340722,6.440814088642104
51.72515884893312,8.335186530389796
52.091734936626544,8.585936724129237
51.24290277890357,6.484889689090044
52.19362465641696,7.19261296345806
50.862152951116336,7.209615039320703
51.063146959746895,6.8094723421897285
51.777630991966376,8.510555646581105
50.81938684588798,6.286134596247794
51.04557797109016,7.1073323453715735
51.6174393641666,7.526340681634516
51.92477514605477,7.5421510419165765
51.27739991893252,7.527847259963044
50.75900039118716,7.062927059014596
51.41266589387997,8.689380052143653
50.92218823429844,6.363263702606119
50.952886329997085,7.663312924341019
51.07110820810754,7.341048930017036
51.363747449749475,8.279948631065627
50.89555660842844,7.342549723043337
50.83715130687992,7.465284295709753
51.4237760318274,6.243554648701608
50.80256929715848,6.9993677426203975
50.86489758992654,7.0961797648042415
51.31939359885487,7.043361087672094
52.14820007697425,7.5189580851856785
51.49155022425965,6.620949276201615
52.159252730923946,6.952559380905714
51.2737147279413,6.71719900149693
51.305953845821556,7.659717242959908
50.574823264946545,9.77951208735216
50.392855880028016,9.538727302153506
50.154488948497914,8.186192073063784
51.85120418351962,7.006376630903979
51.038231958110224,5.9756251631293145
51.71274305966158,8.289952852437082
51.46439025072988,6.85273268853062
51.26639527952898,7.6725512855783835
51.66593789238017,7.786179915235351
49.9177485454538,8.46623324476396
49.74827570706502,9.081553746914187
50.297485808286524,8.164402378221311
49.87314878588911,8.644290572925414
50.20812033679823,8.863750657423429
49.662797192251254,8.605365724080109
49.95095714572427,8.477209270374235
50.3650692903498,8.895485301105621
50.06133013092673,8.687145008600934
50.70732837529856,9.843492484455235
50.064638853927846,8.11317034665992
51.056719244769646,10.003718993305123
51.08850077632929,9.942244272249537
50.21774318521209,8.663319815697893
50.67824574078382,9.562681477525254
51.469109946969304,9.338398909893037
50.22501509041106,9.351581816451283
50.21712658053229,9.107665735307243
49.97510639644545,8.743625320508285
51.26636982590668,9.896975774983717
51.10869684828925,9.355333506814668
49.91471515013769,9.003398070410103
50.96581428869813,9.78411715434112
50.562189660704256,9.684655812583038
51.469226576741654,9.299754660591896
49.904521011339995,8.550866642910266
50.78265386556091,9.286582727777935
50.614366660202734,9.283490307622502
50.33827408955786,9.569344262254257
49.708073310454466,8.74670207421733
49.92860673067921,8.4324169751259
50.46562238930659,8.639796883255128
50.32868945223288,8.402729388855088
51.431371053680834,9.332509768456339
50.111457814344746,7.943979767230497
50.012570073800866,8.279230772052783
50.38975619874009,9.243461644494095
50.77548334983084,9.271300229859994
50.59679680696465,8.431153372696267
50.60927594090799,8.427887295363993
50.145308754464814,8.954891169423979
51.108664654456035,9.355330927271034
51.464841023089875,9.247560017579694
50.84430895358448,9.07835644383616
50.54028737961622,9.004996713656839
50.63944730636458,8.276564427650431
50.359539346677266,8.957974944536023
50.25309715783812,9.068995099851367
50.85271393524038,9.326571292916576
51.125194491605455,9.206268154139007
49.47558777426392,8.904995271513405
50.14179292807206,8.930511353804535
49.646344495922285,8.48930100733117
50.56232202562706,8.695113099136778
50.282870013837794,8.47124643774666
50.93081642099797,9.0323469431118
50.1627504980373,8.299072832381198
50.80696678782926,9.508343747766656
50.339392208557776,8.798567848135765
49.98705806546859,8.417010601636287
51.04810379508879,8.76343305465244
50.249248884411884,8.310967546860525
50.19326778587497,8.703695839894696
50.454947592063846,9.89589039918969
50.20920482121563,9.090364219435637
49.99601597246992,8.424521223399005
50.358022475356414,8.104276598628168
50.5511899923546,9.716729362141136
50.501275392295426,8.093848189273032
50.448615058081735,8.531283497449554
50.071865724803885,8.372321149865172
50.90487345954316,9.432719907377505
49.97219528064324,8.743783564852988
50.157605164792905,8.677031816635617
50.49687692788487,8.847761524252773
50.93834279295595,9.924555060327581
49.58641566703319,8.982550655844861
49.941566838856595,8.850580206014463
50.35680585155003,9.501019242876598
50.339504757106326,8.796662932617327
51.0914610403132,9.272554506240956
50.81879193423597,9.644368427654868
51.12465637233713,9.216225285777236
51.32269068384528,9.512642384422685
50.552317240645685,9.741948490837139
50.040354266429425,8.420354750435655
51.21455363239274,9.58068148673818
51.55134701633046,9.382679307200881
50.916008751193566,9.565430925497964
50.12346950537376,8.716948252154335
49.952638397716775,8.672863059372755
50.81757699416351,9.888938695605548
51.324763516164516,9.480853729974992
49.58787686656765,8.998544342139384
49.793522572795986,9.05451667118499
50.47790586326243,8.165667396979092
50.99473821555763,9.518729817988646
50.833788498710135,9.0564632237276
51.57296076220689,9.440304027922553
50.29263070434505,8.551685882133862
50.010693423989835,8.27916551142042
50.5309788740962,9.750038712951001
50.049932623302766,8.556675017571912
51.00600288783418,8.63784461244669
51.122579665613,9.076397976964058
50.93438372502432,9.099018455615225
50.415357583252856,8.908628619435746
50.55104724100157,8.507427710188837
50.61475408695944,9.388468543078922
50.09437123338194,8.20141951125204
50.89163011924786,8.952504463371456
50.0904379669965,8.753229573023779
50.458327005447885,8.340746730957889
50.57237813855795,9.856560819852072
50.679318593840186,8.840814975886536
50.135524703789024,8.981664304564156
49.70693661172205,8.996247788743588
49.59842979415711,8.585467894671039
50.67277311374989,8.907560345127461
50.05614953646596,8.318762677827912
49.63563237553602,8.465697427247845
50.47233561758956,8.739026896514634
50.84976067375895,9.41245167368397
49.893795570988736,8.185720706787922
50.258976889204725,7.673054193251898
49.82489103875883,6.728390089177852
50.12986442734938,7.836152896771027
49.788123138682984,6.77989023205399
49.78206942688973,6.833725144158416
50.466505944634655,7.763724541523371
49.19421158262187,8.295998984839287
50.33857230017283,7.582200318992418
49.71951813862983,7.302221182919788
49.90363312368127,7.110516737836113
50.58964713153682,7.786508429897467
50.282990729417385,7.308613267207829
50.491974420623905,7.3199618022469055
50.605424970596886,8.629913621856769
50.95758393261849,10.029409968153916
50.05351534936655,8.57741999745421
50.07799700177114,8.863707942011073
49.88716484408412,8.878408933078205
50.26857710994755,8.759143599426709
51.20971008767633,9.954006842055724
50.1774765737689,9.188573195654614
50.83516632250823,9.039969079265456
50.80192701322552,8.774914803938456
50.411101310503746,7.778101940437957
50.13643453144961,8.671439613113272
49.64914814730109,8.600075795860214
50.39613404420078,7.552565427006874
50.99617924032341,9.390418436976866
51.26044761533269,8.91400672157816
51.21250626087798,8.815019492694061
49.64595816797794,8.639805452020624
50.061837535845044,8.702540907302826
50.676182651862526,8.276516248636792
49.97644390647797,7.383921024361224
49.554715577542986,8.157260551231937
49.107064020438486,7.605752656848465
50.49912659698466,7.845800034198574
50.574197298550246,7.502150498994419
50.27515075953487,8.014655218331741
50.381507233533924,6.958522321582101
49.03255393131396,8.204506517769016
49.37641386908961,8.17493906410758
50.466940049356346,7.763542133002717
49.75357889402416,8.35214886299388
50.274866072274364,6.855471472790355
50.377443724887684,8.041785633805485
50.33078627466479,7.22503725337655
49.77290270373484,6.8071267883435995
50.08417050965522,6.971689478927579
50.289075667411765,8.061592659712552
50.60323473797923,7.3053615954018785
49.42754203666607,7.555624914563804
49.85651618103537,7.654368446558327
49.25141888486149,7.897948231469442
50.531621879341486,7.491105749925697
49.54354210615978,8.341253870489581
50.17688754287096,6.988574353460749
49.22306116521223,8.181126005958273
49.38007684060905,8.1012851356662
49.963656747672815,6.289631517315216
49.92569976608372,7.267934911063125
50.382024683047774,7.699622170864091
50.04582156940964,7.199014465890631
50.440668222583206,7.946463684054717
50.51309198918857,7.937055381565673
50.455761703335185,7.449078554192074
49.74199379530394,7.786658818085116
49.66696376762902,7.914563889608211
49.37962751901877,8.307517592752797
50.3151643501364,6.606758230982823
49.87940024870885,6.945011933847258
49.79822212682111,7.251073392533907
49.92295477642622,6.985519148314903
50.18838726233479,7.1544225033032545
49.43487903096991,8.32962856830059
49.21796489908724,7.602857576620528
50.25356807824985,6.925457426965601
49.094500843061326,8.133936785603641
49.255873601246286,7.897739954864023
50.254850619775745,6.805593136121342
50.25299000148363,6.954947814200467
50.51677072136355,6.993704224809353
50.14433846297597,7.340237418479139
50.38462699975068,6.824045718487402
49.52782734475638,8.323979636285689
49.32553090605381,7.669103048752022
49.04373617926458,8.20007408456923
49.72522888015717,7.748102653368069
49.367766347816676,7.850152792125932
49.97180302376872,7.872527057290808
50.35300955702466,6.524592678254651
48.84075049172349,8.600867786571623
50.545425875968405,7.107176618344225
49.260409666104145,7.579177362267051
49.567637415265985,7.716063019988065
50.304369503684114,6.485693898898309
50.66552395521455,7.878967710519561
49.070904782785426,8.283384961585305
49.99413721916799,6.91855674279434
50.40575150889264,7.23780216358134
49.95814248427653,6.8493986969169764
49.888726303706804,8.041005333626078
49.46120669093421,7.757201114630322
49.549077420689876,8.315196757548334
50.22346730327016,6.649376565731795
50.003663042931905,8.254973245461894
48.52938668266729,9.130254457601774
49.949000563184626,6.872444333383426
49.34805991715652,8.463962645585859
49.827449484409016,7.681271450704337
49.023900658554204,8.172850123120059
50.54045446592106,7.001567831890575
49.37109324661753,7.761977318162519
49.4523262223097,8.385659379816392
49.56750154626012,8.409780250346987
49.84462072498528,8.209407782891697
49.96534034566864,6.857065807913614
49.90571166531147,7.415772966713052
50.55499271959439,7.963512242774545
49.81462482841287,6.57419411589597
49.491996309243234,8.397032431946455
49.70722295429708,7.281125486863867
49.381202111139054,7.743451805163355
48.58610000876919,8.419440392157618
49.233905383867025,7.359136136344673
49.41808414925196,8.487135523477368
49.5526365619537,8.353194577167496
49.15014075156438,7.706301907448442
50.185909421184355,6.441895369505717
50.35020681153603,7.673859573216636
49.47216827834651,8.363539994187642
50.63247757765581,7.654281921548253
47.86244730723434,7.75378555313508
48.00169373551695,7.758064954842849
48.96639818415483,9.2481356509961
49.251476511818815,9.351410888692785
48.60115346310929,8.433056753875256
47.79252055697404,9.155753345996276
48.13468643121063,8.418137889756226
49.36438044839457,8.942070005997554
49.17497310713037,10.02327363740858
49.07650599756101,9.679884008252376
48.146074080814714,7.791804898561741
49.19487591004595,9.708207781026896
48.92390769107366,9.391439927331776
48.096664273294586,9.799552179228083
47.918102333280125,8.206853715440685
47.635995901383296,9.522081725917921
49.202008466401544,9.147902525190405
49.13221798217029,9.19808760254263
48.71454599319474,10.470926331019442
49.357316723671026,8.694957799754166
48.21810714730285,9.49947645872365
48.97556548286837,9.649480666300446
48.063590456301135,8.576284305387409
47.80650463387433,7.605339205085145
48.353730322898215,8.994749901700915
49.2230873008075,8.879237122399212
48.350273872217095,9.010965967760908
48.57190105723067,9.576019039640219
49.18623563932558,9.503134176552432
47.63677086716485,8.305735596196042
49.237215964431016,10.038779690639606
49.32406148516548,8.629661306910123
49.371213575109216,9.715985200271724
48.82820415952448,8.262825240624197
49.404197200332824,8.635084080825322
49.11794058263546,8.551249917417593
48.12503260678945,7.835447673137282
49.05446231557396,9.882635391082793
48.52912304188799,9.268922793132651
49.04975494911771,8.494091355397673
48.66837427970488,8.983922459089648
48.637717828515804,9.878250190046282
48.956812482215796,8.391790572574845
48.77802484367147,8.290015197664783
48.79032935032576,9.244584194006196
48.17386127960605,9.92446814038218
48.054749899536496,10.080790724461023
48.01014558795931,9.76240431762886
49.37092998174412,9.716088880610055
49.40023361443937,8.60303277148588
47.78390213720154,9.534221637217405
48.29829402268882,10.0108329380159
48.86142202651689,8.249236712105434
48.683521579487696,8.9718454684471
48.637243959374054,10.030847979089767
48.069762396035394,9.280855452060816
47.763670037450495,9.05814837485954
49.152869210446255,8.507885880770386
47.883258663752294,8.133692032695896
48.32219052919443,9.214845539909039
48.830273799497384,10.18754134343123
48.25898233288673,9.663692310863524
49.07687959871981,10.057616103091698
49.20417215409305,9.655705398664667
48.18157682695417,9.766440257489384
48.76332500850119,10.206587747968848
47.8185100680169,7.645722448897979
48.10057723087856,9.452478742732161
48.81171093477904,9.069383257577526
47.647958382403104,7.851968484613144
47.780029605757264,8.446837318141872
48.47736281577941,9.638097691909334
49.116973809300326,9.32944047494936
49.295414603692535,10.019798139223365
48.484167693797765,9.4696830138768
49.17431955500416,9.849980116907034
48.29627042016601,9.703193956907164
48.91516906748945,9.399703398896794
47.82980616774672,8.24373915487581
48.692202629914966,9.626645911178946
47.56702064697344,7.921541697571138
47.64741058735601,7.888543239350716
47.970827497168465,7.960800781301982
48.91576193175885,9.569916672143913
48.781574288638055,9.014634723402509
48.060699664918815,8.47547964015082
47.98179616062613,7.833683144675575
49.30513189071073,9.46635050526077
48.53216840940305,9.672468047100576
49.3594826185578,9.472690849904435
48.630290001635124,9.468975806929382
48.80851776026172,8.137888097103325
49.11291022366462,9.913063574256267
49.06705818111087,9.016646047770882
48.22887547459469,8.16448090999423
48.88643593364205,9.141695548594312
47.77409759087309,9.619928070873453
49.27331730404496,8.473417096656988
48.51293370236732,8.86138381671785
47.734141332960114,9.579399548417273
49.06998502548384,8.513402135386693
48.476698973493725,9.684419339913513
48.27174729521389,9.773113653475642
48.93595414362129,9.022543669001742
48.67172779284568,9.729398745206192
48.15815297316427,8.049548945129917
48.98449521513353,9.707487413256562
48.07390961885132,8.473890099685244
47.961107593899364,8.268619045286448
48.52172353584722,8.650978413073492
49.13365516690625,9.568212495258717
47.72393694457235,9.725400616452777
48.64689260264297,8.514904800424505
48.45168123539483,8.532750856713255
48.06641996513796,9.271463984767099
49.17661212298862,9.201398336067045
48.915628501159254,8.352326289788353
48.84709245414711,8.232815581816
47.93658793071878,7.7549533682998035
49.526046239686686,8.63549922704943
47.943716585040306,8.900415725076998
48.49608520976948,8.512914047293755
48.375481716808494,9.517796768097218
49.01732805414518,9.153132652886157
48.42296262533918,9.374974140428513
48.9892122947167,8.398681970551694
47.96158162356158,9.506072840855515
48.59410495513654,9.814600272909805
48.547217781086445,9.911866322836344
48.78051055673316,8.578417188469773
47.7385910883169,9.23937819340978
48.21111292783233,8.979196319778339
49.25618956621113,9.463018550440301
47.86615451606521,9.688786727570372
48.15572641590089,9.200087906407731
47.643825449494315,7.553798680507656
47.67720062010686,7.844222505896532
48.208898550056155,8.630533831931091
49.52375563845698,8.615112502147076
48.828660790594654,8.659246059569796
48.60024658434821,9.842059872437572
47.70641178612084,9.574636882886969
48.51237482465362,8.501840798295692
48.742700596264086,9.371446227689288
48.00007606158696,7.817210014425249
48.73475043463618,8.679011698987376
48.72343628443697,8.877117651903466
48.015060363312045,9.523864162425335
48.60031266337196,9.842037627330633
48.826127173991864,8.211084972038408
49.36449284923682,8.94639328998569
47.98987754397482,7.837296553616193
47.555173305573945,7.757303968390556
48.215007652200065,8.387179754668812
48.93153395567869,9.707507249400901
47.76687585207697,9.891561765083914
49.0072978837967,9.503511432019002
47.90205592083245,7.8787524467978285
47.781882379836446,9.325586675007523
49.41337838394285,8.617992232900464
47.78783851383985,8.97974009330599
48.43753968355257,9.459071784835594
48.9495969760129,8.288177384220228
49.4903640676693,9.678799877892981
47.726477069053715,9.380550730738483
48.017604396934004,8.652081566220595
47.899560625091304,10.087502841061202
48.608692038976294,7.903849329212264
48.16068958427184,8.542551459169722
49.50291876026098,8.49721683083316
48.09236721003479,10.100310434370096
47.7348650860481,9.155573241126493
48.38722882718739,8.269318378994408
48.934041249313026,8.265197732080928
48.302767858513825,9.938276935014116
48.82092633544918,10.216511308220705
48.46676127626094,9.94346194882166
48.611679992413585,8.453653197484533
47.79998461077535,8.31988285280557
48.679096093682354,10.153599787738116
48.037815790299355,9.465053549719594
47.98415359119069,9.515754935386932
48.7888371666312,8.57975654833137
47.746661534416106,9.134295941166156
49.00395089188624,9.68868620631139
49.166981525996,9.63103006840092
48.26010552256671,9.379722142495003
48.35097297551788,9.007034189862399
49.319648207138066,8.459818924511422
49.40548212246145,8.637036894977358
48.17428853315724,8.055099820466362
48.87893074852713,8.518395391503807
47.82617227582472,9.620917163286903
47.86500031012997,9.005194778298323
47.91511252402446,8.076991557329835
48.6464252000211,7.992105290450889
49.29122269415119,9.538972336936995
47.95523954957552,9.613279005523658
48.194741321604525,7.926828847482094
47.739105301035295,8.174022390448888
48.82194458620448,10.003615601633324
47.68959496911016,9.527396991859922
48.802449266958725,10.209860184190331
49.362286087593525,9.967061683400159
49.236018484007076,9.181083853869238
47.97531668198166,10.085411703525038
48.63083062811912,9.512410040115961
47.56201260861139,7.925560826907415
48.82446970506065,9.170034989370231
49.76095241835359,9.508045871162373
48.04515303062696,10.112750746711713
48.614745179713246,10.20923100330405
48.318101025794654,8.216238913369768
49.248803023598214,9.525672654372437
48.4696167420746,9.905045689160852
49.332377413444775,8.974008795476951
47.933363934723175,8.878499743998406
48.40269889760708,9.434337785743665
49.28292568897182,10.003732730067359
49.029621100783,9.11275900002622
48.85572259228397,8.624318486239432
48.56356623753647,8.516160576696048
48.71248017566987,9.525030557268659
48.56917295308245,9.793001492848306
47.7350370349782,8.776983250675919
47.86646947030137,9.689421164244921
47.63277095867831,9.539892308913636
47.992564864134756,9.229124534119995
48.89572757840933,8.295341301918725
48.86321239236875,8.172591778515123
48.04065735785109,9.462915888539548
48.527832149253456,9.717650556296165
48.95435359463551,8.908230457613122
48.45111538527533,8.702362910369448
48.427056957187055,9.944173590568782
47.65513582570467,8.579981214733726
49.343702643756316,10.081391108152841
48.619778814408484,10.271563978227803
49.47671903919307,9.771761504281493
49.14186713571334,9.709234972526735
49.06883224587467,9.157552842968034
48.75026057234517,8.902588031440658
47.7068437365233,9.51190091059624
48.551737507754346,9.070460295698416
47.70004052960984,9.157617583474774
47.72327695764566,9.162493436201956
48.45150684925045,8.643251751921422
48.24107861328378,10.100419217207316
49.0342833543537,11.938201789751936
48.42820442005407,12.899727751077531
48.86142110709752,8.240411910603129
49.23195835674218,9.039036551135474
49.43164113113243,8.565971525915275
49.61582443456994,8.642564745296486
49.35389714821541,8.660481764676707
47.84385113388031,8.92492275256962
48.80101500236597,8.489240659482165
49.13374331067023,8.88867267277329
47.93942923112091,9.715943014153183
47.760951270190134,8.75391439874003
48.88642765393404,8.657344128581762
48.69730546627292,9.660152990035174
49.21337723222588,8.601156373684123
49.19093529158172,8.629770121746395
48.908205949168696,8.654481503005746
47.62634518894099,7.614816485290605
49.497220330096084,8.487667555461426
48.255546355414275,8.855590420513348
48.63267024405089,13.59549786669362
47.936821105099646,12.134513406071
49.3756268689844,10.234054347058514
48.184675201595674,12.262354058693951
48.78969652764584,10.943295287697158
47.57659200810264,9.729157746714579
47.74342694940534,11.393346906421854
49.01592719841678,12.116443752446584
48.632019688061234,12.528297907171819
49.75178226165498,10.73054419230357
49.578520156114045,10.838701129846314
48.44421589218094,10.113828468331567
49.21596047548734,12.709342638244495
48.73395237179593,11.440018721660575
50.3473591055756,10.215228468760593
50.11979799502891,10.042968696097436
49.0623750386621,10.936004326721113
49.53696590960042,10.22269936968952
49.5497421639862,11.649209021459981
49.41927126023391,11.850145658350025
48.78453106158026,13.563203038466025
50.29975421717307,11.010436800928243
49.53630100713268,11.814052697671636
50.231245166574176,9.821417119733487
49.925886713501995,11.604973023772622
48.31911967992893,12.396131307602573
49.73428297358108,9.992042691918142
49.077559026331606,10.321399020969656
49.70486520512422,12.137721967408865
50.23019861140891,10.857852463005244
48.48617862585542,11.590758517956521
47.93544214958215,10.662389828289037
49.337048648413386,11.438304486954511
48.786483698823645,11.388559585520861
48.42591191894895,11.542211089839688
48.97729956073623,10.944864404716528
49.56005088354668,12.306160396666316
49.88378975796829,10.948916156838795
47.49188943678302,10.266750740913517
49.85063690345345,11.185037103467526
47.778740412574855,10.672056627393989
49.18540792736779,11.078752355494744
47.96286584886486,12.568323680243846
47.9340369411814,11.65365315709101
49.27424367942504,10.513697777396565
48.25199811764761,12.686922194229622
48.74065172643472,13.516677085897458
47.58845565179845,9.650376790231961
48.57637950267985,13.426770484442605
48.304918858467126,11.262849919017388
48.077527946308074,11.832821112242092
50.063055767045505,9.473076220144023
49.99145162802864,9.10161734391264
50.16388482158127,12.085162220563035
49.78819519512351,12.081893311165487
48.3542996621631,10.305781239999853
48.66196391725145,10.832911440978789
48.4405807494555,12.797249993597756
48.28940878098037,12.174323875068147
48.450218666347794,12.14548173941319
47.83370531185535,12.634960921859346
47.433861823617214,10.171050652738172
49.39264757156402,11.043363957456869
48.34096394994194,11.289676109628047
49.87175781412634,11.167567437801866
49.127883801489816,12.129891948678534
48.76596183762635,12.837178495719932
49.852365349727684,9.861940134655
49.89708552403511,9.641534955195704
48.05061866084756,12.478759209065737
48.43176646886072,13.11455854119978
47.50000502696741,11.269464561952109
48.43844945365836,11.140017078365469
48.12592954521443,10.531954973660326
47.623846056798776,10.500985262217737
47.880877561661705,12.668368159581263
47.96104745852256,11.427021671608577
47.79545076517234,10.869149611322563
47.700094279574905,10.81714735406238
48.37141762403974,9.995126726724358
48.779286393749864,11.80626483877737
48.53790877892722,12.143522260420449
49.07083057375326,10.966639638116007
50.16984800616574,11.744115178647018
48.31316304382674,13.018802462756
49.10949700683263,13.190210238308081
48.379330367264345,12.042762567473746
48.710962712631016,13.375749790490778
48.629683992364136,10.494044917537936
48.176059178104246,12.721518523872948
49.63734643602688,11.950638036017388
48.037005229288276,12.261209970830118
50.37571714721015,10.106614705514307
48.96443951687869,12.656436336190259
48.37509089288216,12.54766842301891
49.882656163873826,9.838790609489488
49.91066237311351,11.318865433312178
48.15113993873197,10.2061563966002
50.08258218890691,9.803072854591823
49.99380491862629,9.143864202705174
48.42229005874907,12.163512291984945
49.50174890053792,12.552096213451554
48.59783512815577,12.128122875350924
47.83294246408298,10.281224567159109
48.41267441071163,11.587575748307925
47.83376617205129,12.175825877219358
49.03587552534093,13.209591580803536
48.421249265994945,11.927388873011294
49.84855523299601,10.405017937271761
49.79584811428286,11.412540534841867
47.82235213599986,11.34869781074613
47.80557872952961,12.119912663709849
47.66138178345472,10.346914253024552
50.022751459094266,9.544511444710592
48.23430136388542,11.985211668034303
47.9945161139447,12.269383583461792
48.720589042393186,10.599100364961963
50.06898887584333,10.049624983945938
50.05271118264724,9.496950660281925
48.16089081758882,12.792989837810627
47.924134781694896,11.401633140850912
48.525870327032855,12.191118526316432
49.19104689198535,11.601126555154869
50.051056027014425,10.47571362398944
49.94016950645911,10.37197605159897
48.64485376090495,10.78207228937711
49.16442195913543,11.05383093428013
48.4565663527167,12.474216430142125
48.81133979796828,10.455307196746649
49.07115181891571,10.32369852130071
47.675298585113666,13.038092474422061
49.32349127152419,10.436181046380426
48.37176212434943,11.872016436041687
48.31058835216457,11.62419435344103
47.67284754633142,12.077266280209503
48.463965008943376,10.401968503317496
48.593934695766265,10.606432099018315
47.98783760705886,12.133823193386666
48.03767119101165,10.551302034190341
48.37170147477006,13.120191668855856
48.64531697353359,11.414914538480598
49.07878341761076,12.289155579306781
48.2459691338356,12.965398311497678
48.55587163151938,11.450868728573246
47.60506721991488,11.036267740383408
47.937414355100174,12.281013577130588
49.61992351112552,10.793598352937444
49.789485496094514,9.614675037501895
47.747486863623124,10.134350067999629
48.2094343140003,10.931063586472515
49.203918755800444,12.855396856003575
47.62726979191442,13.092692285555195
47.71949256183534,10.684719470869828
49.30957876761673,11.456990275663108
48.76092535535136,12.773634451693331
48.23337545168369,11.04157351555958
48.61710919569309,12.529542258396996
49.099564867636175,12.789239214985866
50.46757503624896,10.026721104383894
50.00923553869321,11.245179932067765
49.13402594708675,10.741997067428118
48.17396540035315,11.539493689113659
48.17106979323009,10.737311066831822
48.53483188168799,11.879245140033834
49.60050868904037,11.79282300653166
48.195019989825745,11.683759121965101
49.930445209731715,10.94942981086309
49.795993013694776,9.258799286529243
48.67535263788617,13.058108685964378
49.7049121988997,11.186274112701852
48.456063960938934,10.876543025519172
50.22398127513724,10.9927202531952
49.8182647712528,12.1020123329439
48.257853467015515,12.998049433435051
47.97380933833353,12.573030643681042
48.604057490204916,13.69789611072848
48.25457504146971,12.228901970522962
47.77850800678942,11.454737461181145
47.61145542776015,12.188856034932755
48.13748998929639,10.380004878840163
47.7501172830563,12.463927758781821
49.38696191449606,11.251087537440752
49.081135774610544,10.353465271060944
49.28157790869645,12.795261110795343
49.40752636976148,11.768470113514873
48.270605987977135,12.605928205938051
50.131285148196085,11.258092124436352
47.95856827177382,10.577154517643642
48.69145019545018,10.729877132982367
48.53330407535693,11.594354341782235
48.577809294775776,12.634656093816533
49.39047190762585,11.129669674630337
48.997428779154596,12.199506621051606
48.03566530198658,10.650186790382008
49.78276683540881,10.106298186943539
47.82038028206462,12.01344782153484
49.6865956779968,12.129070899100922
49.04485752884191,10.716869445352087
50.09099755664306,10.185707212289506
47.56531253400542,9.704582976322055
49.9454905310007,9.622570864318224
49.364965650275394,10.211845617967036
48.39644928159086,11.055421118278655
47.96859057565497,11.730574544110175
48.37348347388749,10.353806551046242
48.73013531027228,13.687350241075732
48.69191540289599,12.637885155254667
48.7795857055653,11.610231275870003
50.101728625294875,11.410210640375341
49.5167710658143,12.165717960843729
48.01402040069126,10.997384165587375
47.98837275730773,10.92799527348472
49.76075888072962,10.993861907247323
48.0784463739103,12.204017154362507
48.202559989329856,11.30181277490772
49.95285184048668,10.070660602421686
49.24046367151097,12.09826986052595
48.37158913115685,12.258557665580373
47.51042440940831,11.107326319443445
49.68738666276185,9.354199981981644
48.30073113598977,13.129555081137877
48.58686252573725,13.196194876917126
47.80287725248543,11.476953249382062
49.36668216148232,10.36419241199562
50.15753462877958,9.962654572762329
48.56520870937194,13.564823266448585
48.572847632140466,11.234634042522863
47.81535529856528,10.878166732397329
47.77705249291568,11.491280827094895
48.56574720864999,11.947337809860109
49.864696541439706,10.20713210977632
49.90673013284522,11.938226458740209
49.253231383544644,12.312378799551409
48.46333220985215,10.375509687411267
49.83379484030456,11.892787822690112
49.78394406539163,11.9162272964829
49.18150259988669,12.49993795306203
49.064393732444955,12.875224336248962
47.83184057774032,11.88537543364889
48.26006917360517,10.350550864014986
49.77194346016151,11.789889503193162
47.62792984799373,10.80889748605685
49.169783163142654,11.182048574873019
49.59673065870663,10.00774814025334
49.97662267320697,9.943372591152338
48.03464163443486,12.342539161818108
48.11267071381885,11.150817180995512
48.02791736549891,10.499803489746917
49.74368873817326,9.928348730100806
48.467081772465484,10.396482117547192
48.72978163191417,11.588619573337729
48.33115523030638,11.696439711030735
48.376057226398984,10.427153776968062
48.49156714897846,11.188691689136006
47.83776170630796,12.45702561018105
47.96845671475081,12.258434781607438
48.13808504472211,10.41473993034461
49.44910237374197,11.044414640826195
49.24765387231261,10.396179264458207
47.68723013718029,12.807245762659115
48.44404569441794,12.337816933938393
48.14866507295828,10.208702074611674
49.63380319718336,12.31695405058989
49.18950206423427,11.427702148076802
49.06364146849109,12.667575795074988
48.088831776140324,11.798201730388291
47.813004054996085,10.901242364943139
48.09093069300825,11.745502760189115
49.517396594730556,11.145886596718048
49.73370976248399,10.271485922328306
48.2596525146754,10.09226045368133
49.58018813055051,12.277130397079071
49.842085075406274,12.451917814630393
49.25588045596682,10.497388769070728
48.565942902426045,12.211829614447222
49.22261353223469,10.265167041778618
47.62031876379123,10.489093985640242
49.88288773128405,11.610695774420833
49.41599816597388,11.111282081422532
49.01821903646194,10.685409999970346
48.850409862174686,11.199595339924395
47.9732352060781,11.449875845941557
49.916189175938,11.054645399856811
48.83010043464969,12.631063313458455
50.008656216340256,9.244250951425526
48.20864818102041,10.69137526807482
49.71860291828973,11.504093841185595
48.052747250384854,12.314813565062302
48.37993150900298,10.029051668913702
49.72740802861744,9.662741601689277
49.72116913244433,10.000824702891938
50.37550404313914,9.955423432925052
49.175859935284585,12.106001022574864
48.026496894869446,10.726444993158482
48.24665610272121,12.414534157486088
50.34543193830158,11.399100516020884
49.42070942195613,11.029987759454984
49.150874181513124,12.549131265475996
47.75827571254685,11.70405631741996
48.66785220028617,13.134618540926235
48.23307956786968,11.04466008686706
50.05358083924475,10.787812048358619
49.376022687715036,11.133096111097357
48.373701636435314,13.19687169705656
48.66288151118992,11.511142400983223
48.304381662256944,10.571652799800114
49.275966658697826,11.597837444508839
49.77382722914463,9.359328482498102
49.829581759917474,10.756535787557302
48.4244334116176,13.293338068764564
47.89941823925194,12.235890220965612
48.45832355318397,10.878955675421855
48.879788286118654,12.56480886052908
48.77597309572934,13.098073307044402
49.30585752778364,10.57193884824898
49.38095412401385,11.342965480869436
48.176507237014256,12.38822936032854
48.65695637950779,13.146876762047503
49.232992653004914,10.618255607335996
49.31756315238096,10.793570237370657
47.54078142913056,10.266616409343062
48.27252474551587,12.553169779405021
47.877728751569855,11.218547859160966
49.4978309536966,9.923125557870852
49.318966566499405,11.339326752967049
48.90330946288959,11.95920594829073
49.1338193928614,11.026738582009958
49.150722526416175,12.651296360010864
47.887900473898945,11.927512321719854
49.870992513004076,9.837103102341262
49.965916562021995,9.599135636009288
49.403505333534014,11.115040690466591
48.900476828526585,13.642588850924781
47.983199368940404,12.85334518280244
48.308677930041846,11.206210610175972
48.59286817209982,10.460406959239377
48.997188308674176,12.20113083380108
47.57427246880388,9.723803704582
49.50162738094917,9.954982153625622
49.70190218676975,12.135907444890933
49.696869655129284,10.82056307541772
48.53857532434642,10.364169800308561
48.86131051322982,11.636235630613626
49.03173657217825,12.032837209533911
49.06242370409203,11.176439774594636
48.67349051376502,13.181203793031406
49.54153317901062,12.193055506632614
49.255211496309165,11.31789669245984
52.41724451332591,13.399803509996921
49.30227091134392,7.328066671378417
49.49704873140388,7.151178792717138
49.51930842463109,7.049961570440922
49.40872424404585,7.146984878526449
49.225711808868894,7.026106798832533
49.329027487321305,6.737948573927572
49.245343872861326,6.716827207224193
49.316941263747644,7.2873880130655735
49.291037666114136,6.668533829471123
49.45836058163606,6.849963847821264
49.33982709954806,6.8501173054973
49.43284613858343,6.884117222338658
49.310565961911834,6.969693791989724
49.48829909039375,6.450778678189958
49.268333576903615,7.320558396228511
49.10572242571359,13.007705316950787
49.52313290124318,11.028164783746528
47.56102307567118,9.685629449392811
50.3598095614837,10.132251316149247
48.769886207689574,11.433777138131134
48.40126226628706,10.98946258131895
48.20281168454317,10.175292497446321
52.687458847609534,12.612356027419569
53.19661675029674,12.276224823953864
52.232624849819,13.995294023731912
52.3128665459372,13.868512806741661
52.93721829783206,13.55370349758242
52.93459990917931,12.276871218945459
52.699854279469186,13.26979375169724
52.51181788331576,12.427964870844555
52.891493323229746,13.717294648751757
52.68082875342092,13.374692589092426
52.31290335949395,13.87073568563335
53.232017599489886,12.450711704971575
52.046576694583514,13.854462488673665
52.656776859113755,14.315593142700934
52.858165648184375,13.866683627015838
51.63667275236754,13.706160109147268
52.01538773993228,13.31765930227179
52.52184608712979,14.105220149057043
52.30170139152869,13.195416984297438
52.23695504406274,13.32723012882114
52.96024242821965,13.37127323644801
53.34605020744684,13.823214893843614
53.190930593736255,12.282569776437217
52.51468847527764,13.465774973435842
52.3244158638679,14.023207344368071
52.62229621150655,13.140345639947105
51.81043179759539,14.07155712837636
52.22156363692788,14.334446581640753
53.20654236556585,14.229719736710953
52.36362243585524,14.527237400355657
52.495181068818454,14.029580849378283
53.51199511859436,10.923889158388535
53.169812483070906,11.276711534183633
53.91287219414133,13.343686954855851
53.83944639700365,12.00126408031407
53.66579770812064,13.231673438054173
53.28260254106488,12.504987359264042
53.66235630125426,11.449427904706386
54.26966429208185,13.111463964170452
53.38804444337162,10.85313878082259
53.94105695588848,13.458036336011528
53.275609926823,12.788667366308518
53.715256196209026,13.834738244481947
53.55943922058315,11.268209774214288
53.97152585893059,11.871782716594794
53.84366050334442,12.996711863481872
53.72308622037748,13.371351987473052
53.3760508194977,10.609192895809295
53.61203970463481,12.23767100286375
53.87708624587654,13.093227892413225
53.34718189062454,11.517914291859292
52.123072126618126,12.86399805936828
52.35086478456851,12.591665897984297
52.57792755335531,14.62537419559341
52.56713244664625,13.102402081859951
51.665273550874645,13.484016517989692
53.31501617112146,12.2413262880233
52.743467614425136,13.00074659706065
52.333067515923254,14.05773094747762
52.52540218282079,12.311418037854994
52.25239265946518,13.477071757970858
53.532569716290894,12.716227304754455
52.589050778706415,13.699938213084616
52.54888775373552,14.492378010966657
52.5826466094551,14.481534334284667
53.50684040619463,14.004345081601354
52.17520846123871,12.832094378603077
51.51850605240274,13.298590940601654
52.51651276115123,14.342363863324575
53.05862315251878,13.189070629216467
53.97195221332142,13.927961356924648
52.33862726344893,12.645583606993688
52.30291727332616,13.515413629398722
53.647312304881396,11.407172910668162
52.76463941007257,13.027264538574723
52.22014739055911,13.483350456489585
51.72257886996186,13.398330155649113
51.94605159991986,13.764582965775974
52.31164802709195,13.954935733855406
53.88422400334152,12.455976722847772
52.37157723218215,13.421355325261148
52.74709695281916,13.046350349495274
53.01460117703416,13.826568912433453
54.118314154590045,12.23655495205827
52.317344268749835,13.497345625345838
52.763730142683805,13.96743991971046
51.88525262145198,13.328974883161283
52.8356216402366,13.505365259268938
53.01910714118923,11.742568388318052
52.22547903983717,13.675976255554852
52.534507056576416,13.076186076831855
51.763796232671275,14.01003775239185
51.47947168427546,13.97650437913857
51.94734270367754,13.86303382405748
52.23177336794805,13.593849987898729
52.9736910907292,12.28286728212674
52.121487482623806,14.256269093893291
53.45774682803842,13.750215501031807
53.875939801952654,11.941352423651738
54.06694467719821,11.776036515541737
53.6865966149965,13.233243021382044
52.92703420156482,12.92366274252526
52.19431435794773,13.460339473127833
53.262216171114076,12.222827367836148
53.04349676807493,12.587247047331855
51.56748069608875,14.37000525228225
52.482535923942656,13.693796972457378
53.693479797576295,12.122514674762284
52.2538311614275,13.553542259821377
53.1331757186329,13.552105471054448
52.71729746395899,13.837269077859006
52.32400568104853,14.532453161814196
52.573318974568,13.864124597597854
52.439080522087615,12.525479497403024
53.49074038639082,14.275353852063194
53.21443322737586,11.910442961130078
52.21738206999672,13.216566596690685
52.83835012024915,13.736689047063454
51.427530242641275,13.502114578087276
52.65335876483512,12.700617361219612
51.28084747908549,13.244920500688165
50.7049861715558,12.572010358448097
50.70908382625332,12.563752022449789
51.00229882465726,13.219851482083175
50.98559523904735,14.082833560128524
50.90651523408141,14.001700039804234
50.54415263443073,12.049742192407615
51.47408591333078,12.215256136744156
51.517108819498006,12.998000867941501
51.511823207360244,14.650528748425106
50.930116307498864,14.20844128776987
51.33445571951226,13.377441317763866
51.39810334499659,14.316763235546969
50.82482042360841,12.90107861808256
51.59421921936492,12.947733013193629
50.95828706437569,12.97573221859843
51.08160415457152,14.4845611067652
51.049096418487515,13.349644286911808
51.029562936346935,14.195886625549942
51.13931168287442,14.665859880070718
51.10134206638368,14.327671999524474
50.47651458171529,12.12622304420397
51.443232339388125,14.133482895712861
51.45301985529685,12.643385273255424
51.27276136495937,13.105921281709263
50.914388963974794,14.700816794236484
51.267179776133005,12.684930072886587
50.86857456581765,13.943033566960443
50.98796486598619,14.033817287264183
50.9218482610664,14.855689267146461
51.22812984003912,13.296305398929832
51.27781188691295,12.173597559982584
51.147354930331495,13.945097705597329
50.75729179462494,12.502430318880531
51.36205249184317,12.399834834505869
51.303052870030676,12.781745405798318
51.01942256607926,13.514931095616284
51.120311785121196,13.849549856310713
50.83347018182813,12.405651676937728
53.393388394034794,13.348854480694385
53.78159781779454,12.57026212271193
54.03323732886807,12.223222060546561
53.96486489688981,11.958704014939888
54.29667395889416,12.351344362306186
53.32289498327155,11.889316511032078
53.77597271367592,12.518746557892078
53.708250375989145,13.310168150733904
51.54209110054514,12.537424994215874
51.18976651879336,14.52344870194774
51.16493995184617,12.386463178535248
51.261461761808796,12.256589035310823
51.475504387454194,14.72275207269485
51.39413389069201,14.105203363370206
51.472079635133504,14.675624003703186
51.02334661511644,13.302428829852994
50.545012001503885,12.105355886063569
51.300408861452645,13.601272111030859
50.831358594344714,12.846935793507715
51.29650031249168,13.60536993495685
50.43610128318843,12.998295948454338
50.90957603531749,13.946337324966297
50.91625870786797,12.889511327149297
51.19132656513197,14.596153349430482
50.8771774098842,14.730597087870553
51.30817537510627,14.129292273048163
51.072135641038045,13.878171048178071
51.09896046645065,13.211017639755719
50.865917997979444,13.344522900036623
51.06717420014558,13.339327527905407
51.38647466699071,13.122429383749632
51.54247205271596,14.686872026870725
51.434155650429844,12.35567336898196
51.17024534023625,12.525062287081496
50.825640999582376,13.977694927954142
50.72725375438776,12.699960955982444
51.38964807407746,13.508920903835605
51.32652311022985,12.17266349516107
50.86967854596754,13.192750498598258
51.27845007087468,13.194001057402613
51.75094993767059,10.858673773415005
52.787923793058084,11.695606376876457
52.235580587611864,11.971030149921571
51.80247511969745,11.190522313586554
52.233268656360195,12.037585535069148
51.42040385283927,11.639305834828827
51.40920897869188,11.981180523997836
51.95747049100191,11.680633240991845
52.058798923977236,11.59228262673846
51.79038754749162,11.458974287760164
51.43247611698596,12.170418336617496
51.44694290497341,12.046641418940336
51.50366650471491,11.595419461167802
52.13249043928355,11.69398431318025
52.18547569742747,11.525254070947064
52.55708847933815,12.001726561522066
51.78102137075516,10.910055499582061
52.35883419056483,11.08387651582244
51.40483443488536,12.17014026488097
51.13097111171717,11.963642262319752
51.73875289999876,11.946850137674973
51.48261164011035,10.983959939164475
50.8525088384318,12.484530381730414
51.927759940349596,12.603358407890846
51.364088764610024,13.365154889235871
51.13378268448078,14.60630759686733
50.53750473868803,12.876592620204905
51.20667161335067,12.691601254285137
51.50663783627364,14.643415103849815
50.714988435860256,12.482734564232649
50.51997399381763,13.003856234331144
51.019717423444774,14.738818215460068
50.8597851140906,12.761387579420203
50.55430868921031,12.758682385942372
51.231981739012575,12.697509912196844
51.59691151765099,11.262859749958961
50.55448387798648,12.672739794883988
50.77621291408784,13.120428868471025
50.67465737835384,12.666130841607659
51.05841431714713,13.394151605571691
50.98146862492054,14.76066430912002
50.98223238935195,13.627518091744982
50.31239903121913,12.3114513665496
51.159534491693194,14.973795605828752
50.95631698830462,12.974835728041146
51.56913144503809,11.94608222048783
51.387334427504825,13.391324654379382
51.33093160004629,12.28580251040052
51.53281738196083,14.596889561175512
50.830952989393424,14.754037694212094
52.234923675227655,11.94049952436661
51.28426977521448,13.159884913057704
50.953263905747626,13.948689208286922
51.033686701348614,12.230919305227118
52.51324376924616,11.311754794364623
50.424112535354936,12.0665042424514
51.82416647118333,12.215706209161414
50.66933157707102,13.131720956770648
50.910005977964005,13.46038287640343
51.80846395875999,11.670013174800067
51.47165223918041,12.666183857326017
51.52471829086587,14.526082513155721
51.354081126338215,12.75143494061736
50.99965665109548,12.707298266990163
52.616551919166135,11.822163835119776
51.191844670935446,14.648189403253108
51.45094393306158,12.211454248946088
50.94631774764018,13.48352871658867
50.8305573692691,14.741538351824943
50.969458714511134,14.270639167138082
51.163714373848336,14.14320890700473
51.139826626717536,12.235253502214531
51.246308608151786,13.08757977936744
51.51864632203969,10.962926761148308
50.58887121695824,13.015124220700914
50.44028673573576,12.69523064492819
51.14897569094949,13.531880278920372
51.71111777105078,11.074227960251665
50.56602791458227,12.790975665110503
51.3927711190891,12.290602524778176
50.850870879284926,12.836547515708622
51.09232104015755,11.137862076190354
51.018578908454266,10.982663003203607
51.010375928505454,11.755027049778365
50.69027229397024,11.327765812976569
50.668635051034606,11.25399773706766
50.96877508996856,10.159421030673071
50.99378335523381,10.245010357638604
50.87554257037824,12.18135521546077
50.54890907610126,11.469480609144519
51.018465295900846,11.585442589150844
50.945417744224756,11.110981841766984
50.87605613485458,11.803530750644917
50.953648326479545,10.643233986212385
50.91195651810396,11.843733409653996
50.87112760292323,12.1155553526674
51.02781296085698,11.935799784352493
51.394398345732405,10.045738592567517
50.66099730898297,10.987858115096724
50.91179081339505,12.083879645241298
50.94559658613801,10.809654144145075
51.247520179793256,10.16342426346853
50.8746451036018,11.64269815968496
50.523551113474205,10.473213934997448
52.79286247062007,11.115910772038232
51.85669753097995,10.968402353609918
50.800922687510564,11.034582801386147
52.15038945524444,11.536369525997857
51.85259151954441,13.113808530462341
51.47521237059676,12.103643894649538
51.71863560148876,12.286575337810522
51.72247408907171,11.384612845943321
52.233905800489644,12.027279952324246
51.44718914041425,11.582470755178399
51.511845161947,11.48336861631535
51.49900287676823,12.052589315509215
51.17425288311058,11.781458590622917
52.18788443568847,11.346020154921302
52.364444088261045,12.159907119031567
51.17647221982862,11.781694861479403
51.4049162382052,11.819719491500082
52.47702342348238,11.444406795361074
51.080705781023354,11.79054058268566
52.23456071350677,11.927335066424426
52.7998895046391,11.120330799693278
51.00451528839658,10.686169519612474
52.32920880057871,11.629631538701418
52.45118174655548,11.039714193489033
51.21834268449343,11.980642318029629
52.06448190812552,11.54853082810579
52.652109803173666,11.900134397020008
51.75095759121581,11.077629725736868
52.23276725838574,12.053611783626886
51.99467385392121,11.114189702871945
52.80191581468283,11.79341857352778
51.80542552735735,12.224395252006673
50.76655227163225,9.959825039876813
52.6909814499885,10.956013596260307
51.8662353607658,12.609262381219617
51.57323609844175,11.54543886290191
52.44191959045019,11.404370200403473
51.914909779799494,12.436187010251285
51.924248490925564,11.160751332518783
51.86135020825005,11.25841158290681
51.96364653016967,11.440505677403252
51.392154010418295,11.472865160136887
51.47975364704182,11.927184789289255
51.97992300196715,11.476624644727474
50.59860236489886,11.766016927936603
51.984167868325294,11.856834705944646
51.73646598755674,12.762849783525564
52.04204615405745,11.256784115670584
51.32267176974227,11.941827418170876
51.776879675605144,12.645884700630178
51.652973942118116,12.087168613318658
52.23528438375225,11.95394595780498
51.10070565973772,10.615278969465107
52.23376660735796,12.030220873720221
51.7788409721782,11.076006076058112
52.275881862872254,11.628290949755174
51.39741699177957,11.895917003746806
51.54416561394706,11.30864991669602
54.326023822927425,10.18375525485196
54.10165218496739,10.858581143677434
51.15480103652738,10.823673935545996
50.82569620077609,12.076868432165368
51.521882031178905,10.817515314196244
51.13015571900974,10.239702232511872
50.490995988277476,10.671581099055134
51.306796253710274,10.780687423526794
50.61148608680849,10.692129673443363
50.6451618234896,11.463134099327247
50.90247882512087,12.354664762407216
51.100410208929986,10.678953687428503
51.10348796600541,10.666661560579863
51.00412808180512,11.921285170788574
50.992936176661,10.441028673413582
51.007310218952576,10.250532213265418
51.01786442343747,11.47657270335367
50.89600611094516,10.63839699628717
51.24222126987431,11.11807023959861
51.35765075554514,10.951144674715492
50.60421852808176,10.818233345996283
50.451167757775366,11.663983101762444
50.8992697978961,10.94690806424641
50.64414517263646,10.882443031693873
50.727431880878925,11.520252524754754
50.693240403860955,10.714010507989745
51.603723426884244,10.786029422660464
51.17037626694917,11.125897241747325
51.473763926267424,10.857945878456356
51.4263218873174,10.928434687676148
50.60193627669524,11.444050089967774
50.50775494128775,10.771602832971002
50.88735785343887,11.47413218493338
51.09745918632371,10.83069602749118
50.971640230555444,10.977924655850261
51.15889911076245,11.077564812559443
50.74815794623286,10.998980134130113
50.80580802777113,10.001153822561609
50.951160326916096,10.309004416003424
53.904876184697954,10.648167612685594
53.7222872972142,9.653604434296993
53.63834848588473,9.840652720624005
54.110331390024456,10.817758859849146
53.706878195060824,9.99507092646493
53.607848163282654,9.840479950829096
53.717132754797234,9.9900941551711
53.68417840790899,10.064652797765918
54.099978312593066,9.962629129167826
53.58610603752984,9.711270186942103
53.92580042365781,9.516160069461533
53.65134596340268,9.769752466720512
54.243492678595445,9.14224530347737
53.864576156280116,9.40004189425657
53.54522902653054,10.114578870839807
53.54126278267143,9.999824097636164
54.12189330214453,9.414334326309453
53.92801940460729,10.29876267184336
53.51878951908368,10.019195280557426
53.65933953406505,10.04540860639758
53.67125795673912,10.124002139116117
53.588010789641615,9.97973302499817
53.64922645791772,10.075111851635388
53.47139710239634,10.147233331348131
53.54413544344592,9.998142389962997
53.55095995674561,10.010270390925882
53.571526258334096,10.133730856415589
53.48501353590455,10.209794725474804
53.41563154342017,10.251393585315377
53.60106402048892,9.889244701431727
53.574333423132444,10.059707795305048
53.42694622581918,10.273388847039048
52.89650376139226,9.024395871271835
53.03238799315939,9.05683162804875
52.699151193562244,7.282837992701447
52.33015771464567,9.182463889253327
53.581870383367274,9.9945432042289
53.512966334696934,9.969021111626923
52.40569918383727,9.781265261052846
53.468331700427136,9.68353789588938
53.821360095070396,9.284685095028673
52.59003729183026,7.2765869716246385
52.55363815689144,7.9414765582242905
53.02563189271181,8.650911297421796
53.32173764170307,10.06160362329273
52.220549543472586,10.337623573482949
52.88558607537604,8.015863219688763
52.26132873840124,10.50936229442759
53.532200740223224,8.114527992542484
52.64982320040213,8.23340835617855
52.728223111770916,8.831641327741336
53.04951119062329,10.519783762454058
52.51170140720825,10.368008454032223
52.33324373743093,9.719004521581846
52.79004813341441,7.247611596605853
52.71627180043258,7.099469075042647
52.626963815836035,10.100248679269635
52.51986416131822,8.991255653691466
53.613804792822336,8.602327089702852
52.3450170296166,10.259276221006221
52.35817616270737,8.005345128515529
52.485942890745044,7.103792634434578
53.141818658123626,8.211754064620996
53.04347166038919,8.218702259789977
53.480773615060706,7.365320429154068
52.8333987058607,7.182649608855417
52.4142244527582,9.619861183494466
52.62101756715135,7.8182903588279435
52.833284437889475,9.702073222822827
52.16012691672144,8.051875408067245
52.862117663115185,7.441724532972843
53.06536345165813,7.248121298509236
53.23815939085763,10.428544365599297
52.897336453773065,9.020621944958634
52.54189488615945,8.47653525535612
51.64586049863122,9.865743865150677
52.546521281642654,10.106646450890064
52.595349449545736,9.428842760855675
52.352279263945135,9.771094337698628
52.4451940547315,7.878531902543443
52.51466093081612,10.539790030937601
52.90113155210538,10.166971084152577
52.34563088728714,7.453772914418604
51.8284576708763,9.837541813183122
52.36344276720202,10.748518288023282
52.77356520321414,8.725918324861533
51.94664914082257,9.4042238993709
53.73155987640583,7.496043412328375
53.864242511249586,8.696371970970949
52.352403709060646,9.669471387052848
52.23475405880082,11.008091828209224
53.0496717021391,8.741719145297859
53.06327672691672,8.872442594471186
53.20637869004138,8.520708451640983
53.04044446379466,8.72954236815629
53.077508273560966,8.872786842951879
53.10527543095062,8.849909679585487
53.09471924625154,8.849872245371486
53.06109881056496,8.72703638213848
53.11259359259716,8.879834617743144
53.116560841691125,8.744728067510183
50.889285877540416,7.183957801729527
53.50433442127266,8.603144402434173
51.96686577112734,7.640253928689924
51.514500777870246,6.328133230545239
50.96728498355935,6.91438211999462
51.18059747792544,6.862005975342813
52.29419767810873,8.948704896503196
52.070441512752595,8.780330110238376
51.88402655295727,8.617425589483567
51.57526317192826,7.2083806732092475
51.44626598508836,7.947167842795881
51.66187793722771,9.363068139815221
51.8173031483654,6.1626806172457025
51.245338559407436,6.389117126388403
51.58292805449356,6.246335932932263
51.41534321532831,6.701250328312118
51.2000518992006,6.842695558958493
51.43888432914543,6.663048376560026
51.48180238030173,7.2195138168375
50.93255477053009,6.9556371035722435
50.92326162822944,7.234912365196291
50.93207083177759,6.932911643718783
51.07611331735793,6.079164298297308
51.03821329845069,6.590679862668599
51.884830600621974,8.390109426970394
50.78849336642021,7.104250456021826
51.54823940460321,6.587725010786339
51.336605947946836,7.3553433645964565
51.459967160311564,7.31112729962528
51.594100976734985,7.171411862038222
50.95479205075702,6.966434423411032
51.2334242586181,6.777811006991756
51.22400233556186,7.8718385152425405
51.471981947159996,6.493274553117209
51.00184331135408,6.615385908983054
50.91722122878146,6.948792798134251
51.601346326765096,6.740067709562588
50.632029512804166,7.058125394703767
50.86812452406936,6.2223153349614275
52.20626317871951,7.798763864603504
50.996356434719054,7.111032799583177
50.627792024714665,6.382838281062524
51.344402759457786,7.569772414421366
51.84596030511299,6.704306088543456
51.40416381592011,7.485107862208893
51.224547226736355,7.507559955631554
51.71378678572497,8.741362876491948
50.996423237090134,6.960117572371276
51.7674403930339,7.892881027896249
51.8648010363331,9.1024547186946
51.024838111554594,7.5935381404653866
51.404503101226574,6.7811907181228195
51.9140403530028,7.693053444374572
51.16821498683051,7.077956840129679
51.56465181002031,6.726943189291717
51.83640560688432,6.250755405470852
52.01275396436695,8.521019399911204
52.079235508739956,8.755583611388236
51.76299977118807,6.405468543442093
51.47168088794657,6.942074925405039
51.220055183434305,6.791281664070161
51.60987196353636,6.616913161058381
52.4215741229541,8.577802631517896
50.86728335558334,7.3180213180552025
51.545684887149115,6.918068927443558
51.00149959247303,6.247208614548451
50.87043756994626,6.992190551317634
51.21328617797497,6.27512100001879
51.356165961757775,8.479548354684237
51.0108237877588,6.895733832525456
51.500189520515946,7.034009836473816
52.07139647925524,8.769754780952285
51.95853574619233,7.571245071302259
50.51402659265992,8.82008122563822
50.18656310414652,8.633756209906752
50.7756985384574,7.072464439816353
51.19472285019417,6.839981590474234
50.09519642162995,8.599239199885387
50.356496946963745,8.753870723633007
51.35017367240684,9.535255309967757
50.114062244743074,8.678447309310659
50.586698022939,8.64509761966019
50.120350818120826,8.659475445658666
49.87487968074098,8.632342142947685
49.91793477342172,8.481155584801026
51.07303384690126,9.615855082439198
50.05076217471655,8.838748676649926
50.08877386098433,8.807816998315177
49.14304443346967,8.308392525817156
49.8162704719898,8.56868271395232
50.30839018395158,8.160692081266419
50.36535632906401,8.743871595404244
50.66944003518326,8.30929933710075
50.14063866008441,8.502904392557227
49.728650498858784,7.39395353878864
50.085494717640394,8.795941178998989
49.41453353145377,8.27370277057077
50.53807279359945,7.654937303468286
49.47928358714316,8.176981584758943
49.35325049037336,8.140596048252366
49.98791436073202,6.896966349813654
49.36402666816807,8.14527912402396
50.780462465084796,7.7341763876532825
50.01628543437634,8.224864656338902
49.139061430903354,9.223846038274976
48.43482685368749,8.939864748350777
47.99497210405021,7.842921605525164
48.89622829248098,9.18907943523775
48.507138081708014,9.207077597466032
49.01989915391484,8.342341957225981
49.073499142366046,8.40131794611482
48.62775735040559,9.33375226602618
47.6853110547687,9.473918098726699
48.029974398864105,9.368878966857372
47.69944431091336,9.561562532720451
48.76892586741123,9.247367826609782
48.94763413385912,8.39122084344934
48.00612784647363,7.850248634810607
48.692505881466076,9.635365947978704
49.37005423457971,8.582556817022699
48.72888731056946,9.00872137851306
47.96027969165533,9.526908616600759
49.40474060446338,8.676385354849906
48.71998403194716,9.1315818557513
47.99388597034664,10.093808588711717
48.795579436519446,9.39115379185871
49.45354764887749,8.48142425696008
49.39218324019093,8.801732890454083
47.674828950468495,9.171170221249342
47.99869940559036,9.729939391452358
48.746224847534414,8.208215824542403
47.88301282301105,9.718995636312203
49.24519646351202,9.110911517425926
48.45177995717825,8.245106426403972
47.730665867572874,9.864072031260976
48.820604023120836,9.271691638622585
48.346368621029306,9.476127658268283
47.66754970346255,9.563887058996762
48.679271623280506,9.009936419167541
48.78670931616732,8.99565189291124
49.46641979092667,8.485940944806854
48.83847130116539,9.175938369081777
48.36557529748394,7.811003203991968
49.457874463682536,8.562447778482522
48.15854238692471,8.297256983013025
47.91300597270757,8.616936803628711
49.077235160695224,8.394315310704952
48.73025815185018,9.100678114118331
49.00216559032848,8.498605659965795
48.799968713819815,9.005172649487578
48.78659104584691,8.334155484128647
48.82679127089738,9.301392308326115
48.89241286883061,8.700322194673324
48.85433938353151,8.518636814011552
49.507484301638875,8.51215510388305
48.480356844409485,7.942329479251743
48.00490251364528,7.8637669894987035
48.859558793583425,8.200496376661896
49.62210665673185,9.672937519823744
49.364578891419285,9.154827099012442
48.13932742488467,11.541630181807149
48.23520803481142,12.68780905592195
49.01883256666183,12.087597122146684
48.067398466558586,11.379888638829822
48.09790557628357,10.817532545669906
47.888136782404395,7.728435041712998
49.30875297408884,8.628159880255042
48.77668954415754,11.387617206498883
47.56409817912345,10.692075042022031
48.87190850050705,10.732577005880673
49.810266597550054,11.06002193666972
48.16567539672446,11.629879743322746
50.038893641750434,10.833580408869588
47.852475617064435,12.98522214671379
49.72818452535019,12.0690354680553
48.54699469096893,12.156001263677469
48.431686409126925,12.953515914648536
48.57559646289285,13.458008211601935
49.38643536573459,11.357806673550831
49.37372662987659,10.157872972061414
48.54044156369843,12.086543497727298
47.75874630989247,12.909016475379838
49.50512029110503,11.43768048210259
47.59404006304371,11.184674927319953
48.35951544427335,11.888581790574076
49.026424145481585,12.131181031869307
50.30848103790728,9.78686585463247
47.88541961691167,12.95321861384742
48.65844385731332,11.421615202530676
48.81545850908249,10.524026387139072
48.34339989004561,10.03946994200124
49.37808912653275,11.497728222519743
47.817116101766636,11.701941406059687
50.03840356558441,10.68882631880642
48.550489446011596,12.54924894072061
49.92522941160082,10.657168642291209
48.15955632445805,11.547423502440628
49.3426286078462,11.318203599635625
48.77874703768177,11.432546351807304
49.02057138899057,12.100897536386293
49.26711653629704,10.996274325388125
49.58131933317665,11.011173320700248
48.16926618033818,11.581007594640425
48.37715776360257,10.009182200074125
49.2821713144678,11.466979862155082
48.47579182101046,12.814589886030573
49.94439391870545,10.754741689032198
48.17654369088107,11.251579247486589
47.520003257604316,10.282981270064004
48.017811155429726,10.419151999752826
48.380966375590454,10.915910665195804
48.343270303342955,10.87172378194609
47.953040463738766,11.342675942653662
48.990068209346106,12.08870835195193
48.20537737652046,12.395604718960481
48.27944703870003,10.832057550612847
49.709089193933046,10.503878822087815
48.59283370839917,13.791946660259786
48.099946912418126,11.606640168491271
49.358037354014215,12.012395982546108
48.03833544758216,12.637007876553287
48.24964275984064,10.962281238431393
48.06151181472865,11.614325858030773
50.14126141045513,11.05341124247745
48.36290980124374,10.870905149809495
50.04555948553393,10.230181025303377
48.41952961137349,11.207624587837504
48.19888355028142,11.535723241612953
47.857080533529896,12.102577238113037
47.51594698264825,10.281530735037093
48.496577612239335,11.167104673533105
48.54706749826377,12.148407275160872
48.201605861815786,11.567980038610173
48.45111273699743,10.276044726940558
49.25122631388859,11.236616931309072
48.167796018008566,12.818388275910857
47.90251682979739,10.661788071616849
49.03627320792404,11.470474786662356
49.2835228167571,10.307306025000283
49.9049425188591,10.908103427028944
49.84942246044277,9.18884376029449
50.11380705766232,11.466969242790439
48.44289553326066,13.016765422468637
49.525095491891165,7.133042264983417
49.17704451951229,7.236236945719497
49.23816361833635,6.991219290406304
49.27090582847278,7.126024088861052
49.50321994937659,7.025096693144153
49.23379571783074,7.037439116968252
49.37621703496955,7.03351221513744
49.4600781176047,6.843363366279722
49.40034029959517,6.914648468947455
49.32749400863127,7.090134870928121
48.574331415180374,13.454311870076763
48.404031217792095,12.764229900405208
48.14093447190271,11.488950182950205
52.55827942002338,13.4760128294962
52.550997406004996,13.165295922693408
52.54558781598843,13.194080914758919
49.31706721951115,6.748365080729816
49.235037127133914,6.982506118115556
52.419399673799354,13.31264865839474
52.54589302452933,13.57115030399491
52.50610437496856,13.31595526055816
52.505506945276686,13.446384519733098
52.515814806163384,13.306629827493705
52.53391576373804,13.606704899654916
52.44130371853675,13.593378031380592
52.41861744342133,13.35988934196688
52.5778523110869,13.315392566768875
52.45913175600573,13.348730057047677
52.542909903347244,13.550104953259414
52.41409031228517,13.666041214246803
52.501539955792715,13.603681188365673
52.41932683493659,13.649030070576913
52.46542723853578,13.487293242603993
52.52680178032059,13.16908689234588
52.53264771823273,13.518841565629256
52.545716271391306,13.194246061439832
52.48472869713352,13.280448670782853
52.54588709622672,13.571127253375504
52.44644544075893,13.621756306100973
52.54095054209929,13.32639457613443
52.37285044162527,13.616934924927877
52.91704248791845,12.78974540654644
52.40340593378766,13.011892947756879
52.53067956852827,12.339991160472124
52.88691980093754,12.461238116056098
53.00772591022206,13.158688553700346
51.51626121133159,13.382398709215984
51.57836899233276,13.97216359489372
52.53704599191969,14.395225190832639
51.74920410348772,14.322479545279796
53.52597385182124,10.852877374682638
53.622842796726246,11.35689479675924
52.38921916954068,13.216160734860543
52.3374251461969,14.530742851037981
52.54314773516143,13.057284377989332
51.75305437891035,14.368071450690529
51.795910172031434,14.378401735816245
53.42062070120112,10.84213791697996
53.30627831439815,11.812823366047235
53.629091301218224,11.377937482447592
50.983736181493725,13.292293916118314
50.98071053104737,13.414966272228101
51.34497756733006,12.427149047161814
50.66432504716512,13.082252986337231
50.94441268191781,13.327054216876874
51.31974051424868,12.764237163823228
50.717998594144575,12.705749579250718
53.8545980773713,13.701604221744958
53.38512118345753,12.60316458183235
53.47557260248966,11.368500636163176
53.38413742119096,11.495969596772525
53.548560026273584,11.445051845641018
50.83434942222769,12.954897094895317
50.8352319192057,12.860816030803656
51.285256355986796,12.412359765370008
51.32610017390563,12.340569699569828
50.41330548852135,12.29687299655887
51.12571334985555,13.583436320846488
51.04756654462234,13.750533573450046
51.35940446050099,12.473019241828098
51.37155578041409,12.409197738989791
51.30419461964289,14.825495346723276
50.82289542153047,12.930450663789022
50.76065310410431,13.01184793445631
50.944859107429934,14.011982587840084
51.04156802707664,13.766298403525015
50.60150767503354,12.632477086979394
50.73347269792426,12.361751286006186
51.09814111644656,13.676870124658182
51.255434940684566,12.428258583080579
51.099486706743605,13.679622271133834
50.83589588835216,12.938870084641449
50.492302983971506,12.141186749772043
51.2715075387049,14.057110304979737
51.33505293698207,12.37073761068989
52.01523097257924,11.73413391644041
51.41337169805171,12.29416460265448
50.832448549286454,12.954278217844386
51.10960085188415,13.92911907049491
50.814749928031794,12.834775811128276
51.038764311044254,13.773359488757245
51.37032911426039,12.740624582855393
50.849419770840754,12.443891825498088
50.813774267791246,12.897701235128082
51.26686673376149,14.490707087737087
50.722245897833346,12.738142045255785
50.83137453787646,12.922862801169083
52.528567240378706,11.409834337690999
52.131562314746304,11.629280064486476
51.88314489563698,11.075963039527185
51.463413819557864,11.291113987338989
52.70154280517909,11.299679887611122
51.69420490598561,11.657905053193224
51.49217009008273,11.972893275046667
51.49664436479939,11.955670126064565
51.68264740652614,12.282896977174868
52.160706113996525,11.66550887451334
51.75078202709073,11.084703302716562
51.14408105219748,11.83897130278764
52.29996006059358,11.370090821432397
51.88082322167099,12.659294753278433
51.873512382954694,12.663171572674463
51.625208392725085,12.400847467871968
51.833666277494686,12.242689745280115
51.30186210648203,12.064730130683714
51.71387071572785,12.803035470589256
51.87832271240367,12.594538342217568
52.13163944441343,12.026728630356324
52.11190166055332,11.60484650356406
52.56134951042099,11.755829723225034
51.162913620971196,11.868708938568869
50.82362365304422,10.172898534769775
50.88631205887601,10.480737470914807
51.362362425636796,10.070539834550479
51.38163147064749,10.144909438887389
50.81712872539024,10.334138685882566
50.90496823653142,11.845653971672597
50.838412904580686,10.940406155852429
50.65270202131455,11.33640690154173
50.60059288707243,10.713366307236516
50.856449344778106,11.717519139638025
50.97437310495864,11.040846265486662
50.879966703624426,12.091676728311803
51.083691943285196,11.093262703355974
51.22315986903379,11.083592272135105
50.77651838266087,10.90211221002064
54.317090634547405,8.601685758421935
54.30811771542313,10.157602863331329
53.575125798031934,10.143519685432054
53.36350222794426,8.512492852818957
52.947349368362076,11.264399528663022
52.227705316567345,10.514905155609643
53.21950694454448,9.648428751850739
52.21078072811622,10.517937164727483
51.69671402436355,8.367786670502541
52.05609109616299,8.360831379748197
51.34171480400033,7.920002506896449
51.22170955073949,6.992911076131112
51.69266197271354,7.83960909573854
52.1783917620059,8.805034946377932
50.99190990933422,9.86061607033839
50.14050127890727,8.525555204263043
50.168591035467344,6.8797511542805525
50.00208850199267,8.07513460322189
49.453819127062815,7.519991542041559
48.92160146005297,8.401764976626351
48.42404021641483,9.125611197610475
48.72270760517386,9.249466871330268
48.713854485193785,8.424551987977168
48.53500857893241,9.118142780722232
47.81573052526622,8.118023294431628
49.56859628235036,9.67788553559021
48.96680289042289,12.171328248587258
48.040341918745625,11.205937539514442
49.363908598762244,11.037297013417106
48.77672908473803,10.740709752417636
48.73221949572327,10.756527317950358
47.71415321279325,12.495409653872782
49.22133374919464,11.75772132271595
47.739243914177145,10.951126252164023
49.38184370924852,10.198604329703299
48.981765172000536,12.15667066772992
49.235874366542454,7.2212145367954195
50.63215435345591,12.939291474864199
51.43661128108073,12.342735660835496
52.11607011262741,11.657075314344828
50.778016074159815,10.615872302000856
